﻿Column1;2;Nombre;Seguidores (en millones)
1;;Ed Sheeran;114,87
2;;Ariana Grande;93,56
3;;Arijit Singh;88,54
4;;Billie Eilish;85,93
5;;Taylor Swift;85,48
6;;Drake;79,46
7;;Eminem;76,29
8;;Justin Bieber;74,11
9;;Bad Bunny;73,9
10;;The Weeknd;71,12
11;;BTS;69,27
12;;Rihanna;57,7
13;;Adele;51,18
14;;Bruno Mars;50,79
15;;Imagine Dragons;50,13
16;;Queen;48,26
17;;Coldplay;47,06
18;;Blackpink;45,2
19;;Selena Gomez;44,98
20;;XXXTentacion;42,97
21;;Shawn Mendes;42,44
22;;Neha Kakkar;42,37
23;;Post Malone;41,99
24;;Dua Lipa;41,46
25;;Maroon 5;41,44
26;;Alan Walker;39,31
27;;Karol G;39,23
28;;A.R. Rahman;38,04
29;;Ozuna;38,01
30;;J Balvin;37,87
31;;Beyoncé;35,85
32;;Marshmello;35,3
33;;Maluma;34,5
34;;Daddy Yankee;33,83
35;;One Direction;33,08
36;;Marília Mendonça;32,84
37;;Anuel AA;32,16
38;;Camila Cabello;31,48
39;;Shakira;31,27
40;;Juice WRLD;30,57
41;;Guns N' Roses;29,91
42;;Nicki Minaj;29,46
43;;Harry Styles;29,23
44;;Katy Perry;29,2
45;;Michael Jackson;28,65
46;;Lady Gaga;27,86
47;;Olivia Rodrigo;27,72
48;;Lana Del Rey;27,6
49;;AC/DC;27,3
50;;Sia;26,91
51;;David Guetta;26,6
52;;Doja Cat;26,19
53;;The Beatles;26,12
54;;Demi Lovato;26
55;;Metallica;25,86
56;;Kendrick Lamar;25,29
57;;Badshah;24,99
58;;Linkin Park;24,39
59;;Twenty One Pilots;24,03
60;;Travis Scott;24,03
