NOM_DISTRITO|NOM_TRIBUTO|FEC_PAGO|NOM_TIPO_LIQUIDACION|NOM_ESTADO_LIQUIDACION|TIPOS_DOC_REFERENCIA|NOM_INFRACCION|NOM_TIPO_SANCION|CANAL_PAGO|VALOR_TOTAL_TRIBUTO_EN_NC|VALOR_TOTAL_TRIBUTO_EN_EFECTIVO|VALOR_TOTAL_TRIBUTO_PAGADO
055-QUITO|01-ARANCEL ADVALOREM|2024-01-02|01-LIQUIDACION DE LA DECLARACION DE IMPORTACION|C-PAGADO|011-NUMERO DE IMPORTACION SIMPLIFICADA|NO APLICA|NO APLICA|2 -OTROS DISPOSITIVOS|0|6681.74|6681.74
055-QUITO|09-SALVAGUARDIA ESPECIFICA|2024-02-16|01-LIQUIDACION DE LA DECLARACION DE IMPORTACION|C-PAGADO|001-NUMERO DE IMPORTACION|NO APLICA|NO APLICA|3 -INTERNET|0|0|0
055-QUITO|04-FONDINFA|2024-01-05|01-LIQUIDACION DE LA DECLARACION DE IMPORTACION|C-PAGADO|011-NUMERO DE IMPORTACION SIMPLIFICADA|NO APLICA|NO APLICA|3 -INTERNET|0|363.72|363.72
019-GUAYAQUIL - AEREO|08-SALVAGUARDIA|2024-02-28|01-LIQUIDACION DE LA DECLARACION DE IMPORTACION|C-PAGADO|011-NUMERO DE IMPORTACION SIMPLIFICADA|NO APLICA|NO APLICA|2 -OTROS DISPOSITIVOS|0|0|0
028-GUAYAQUIL - MARITIMO|04-FONDINFA|2024-02-26|01-LIQUIDACION DE LA DECLARACION DE IMPORTACION|C-PAGADO|001-NUMERO DE IMPORTACION|NO APLICA|NO APLICA|1 -VENTANILLA|0|53526.9|53526.9
028-GUAYAQUIL - MARITIMO|02-ARANCEL ESPECIFICO|2024-01-08|01-LIQUIDACION DE LA DECLARACION DE IMPORTACION|C-PAGADO|001-NUMERO DE IMPORTACION|NO APLICA|NO APLICA|2 -OTROS DISPOSITIVOS|0|17238.1|17238.1
055-QUITO|03-ANTIDUMPING|2024-01-13|01-LIQUIDACION DE LA DECLARACION DE IMPORTACION|C-PAGADO|011-NUMERO DE IMPORTACION SIMPLIFICADA|NO APLICA|NO APLICA|2 -OTROS DISPOSITIVOS|0|0|0
028-GUAYAQUIL - MARITIMO|07-IVA|2024-02-22|02-LIQUIDACION ADICIONAL|C-PAGADO|001-NUMERO DE IMPORTACION|NO APLICA|NO APLICA|3 -INTERNET|0|5645.37|5645.37
028-GUAYAQUIL - MARITIMO|03-ANTIDUMPING|2024-02-22|02-LIQUIDACION ADICIONAL|C-PAGADO|001-NUMERO DE IMPORTACION|NO APLICA|NO APLICA|3 -INTERNET|0|0|0
028-GUAYAQUIL - MARITIMO|03-ANTIDUMPING|2024-01-09|01-LIQUIDACION DE LA DECLARACION DE IMPORTACION|C-PAGADO|001-NUMERO DE IMPORTACION|NO APLICA|NO APLICA|2 -OTROS DISPOSITIVOS|0|0|0
028-GUAYAQUIL - MARITIMO|03-ANTIDUMPING|2024-01-08|01-LIQUIDACION DE LA DECLARACION DE IMPORTACION|C-PAGADO|001-NUMERO DE IMPORTACION|NO APLICA|NO APLICA|3 -INTERNET|0|0|0
028-GUAYAQUIL - MARITIMO|10-IMPUESTO REDIMIBLE A LAS BOTELLAS PL??STICAS NO RETORNABLES|2024-01-08|01-LIQUIDACION DE LA DECLARACION DE IMPORTACION|C-PAGADO|001-NUMERO DE IMPORTACION|NO APLICA|NO APLICA|3 -INTERNET|0|253.44|253.44
019-GUAYAQUIL - AEREO|01-ARANCEL ADVALOREM|2024-02-29|01-LIQUIDACION DE LA DECLARACION DE IMPORTACION|C-PAGADO|011-NUMERO DE IMPORTACION SIMPLIFICADA|NO APLICA|NO APLICA|3 -INTERNET|0|2235.02|2235.02
019-GUAYAQUIL - AEREO|05-ICE ADVALOREM|2024-01-10|01-LIQUIDACION DE LA DECLARACION DE IMPORTACION|C-PAGADO|011-NUMERO DE IMPORTACION SIMPLIFICADA|NO APLICA|NO APLICA|3 -INTERNET|0|299.77|299.77
073-TULCAN|03-ANTIDUMPING|2024-02-29|01-LIQUIDACION DE LA DECLARACION DE IMPORTACION|C-PAGADO|001-NUMERO DE IMPORTACION|NO APLICA|NO APLICA|1 -VENTANILLA|0|0|0
055-QUITO|03-ANTIDUMPING|2024-01-16|01-LIQUIDACION DE LA DECLARACION DE IMPORTACION|C-PAGADO|001-NUMERO DE IMPORTACION|NO APLICA|NO APLICA|1 -VENTANILLA|0|0|0
055-QUITO|09-SALVAGUARDIA ESPECIFICA|2024-02-23|01-LIQUIDACION DE LA DECLARACION DE IMPORTACION|C-PAGADO|001-NUMERO DE IMPORTACION|NO APLICA|NO APLICA|3 -INTERNET|0|0|0
055-QUITO|01-ARANCEL ADVALOREM|2024-01-23|01-LIQUIDACION DE LA DECLARACION DE IMPORTACION|C-PAGADO|001-NUMERO DE IMPORTACION|NO APLICA|NO APLICA|3 -INTERNET|0|161321.46|161321.46
055-QUITO|01-ARANCEL ADVALOREM|2024-01-05|01-LIQUIDACION DE LA DECLARACION DE IMPORTACION|C-PAGADO|001-NUMERO DE IMPORTACION|NO APLICA|NO APLICA|3 -INTERNET|0|97776.37|97776.37
019-GUAYAQUIL - AEREO|08-SALVAGUARDIA|2024-01-07|01-LIQUIDACION DE LA DECLARACION DE IMPORTACION|C-PAGADO|011-NUMERO DE IMPORTACION SIMPLIFICADA|NO APLICA|NO APLICA|3 -INTERNET|0|0|0
055-QUITO|02-ARANCEL ESPECIFICO|2024-01-18|01-LIQUIDACION DE LA DECLARACION DE IMPORTACION|C-PAGADO|011-NUMERO DE IMPORTACION SIMPLIFICADA|NO APLICA|NO APLICA|2 -OTROS DISPOSITIVOS|0|659.7|659.7
028-GUAYAQUIL - MARITIMO|02-ARANCEL ESPECIFICO|2024-01-20|02-LIQUIDACION ADICIONAL|C-PAGADO|001-NUMERO DE IMPORTACION|NO APLICA|NO APLICA|3 -INTERNET|0|0|0
055-QUITO|05-ICE ADVALOREM|2024-01-25|01-LIQUIDACION DE LA DECLARACION DE IMPORTACION|C-PAGADO|011-NUMERO DE IMPORTACION SIMPLIFICADA|NO APLICA|NO APLICA|2 -OTROS DISPOSITIVOS|0|755.57|755.57
019-GUAYAQUIL - AEREO|03-ANTIDUMPING|2024-02-02|01-LIQUIDACION DE LA DECLARACION DE IMPORTACION|C-PAGADO|011-NUMERO DE IMPORTACION SIMPLIFICADA|NO APLICA|NO APLICA|2 -OTROS DISPOSITIVOS|0|0|0
019-GUAYAQUIL - AEREO|07-IVA|2024-02-02|01-LIQUIDACION DE LA DECLARACION DE IMPORTACION|C-PAGADO|011-NUMERO DE IMPORTACION SIMPLIFICADA|NO APLICA|NO APLICA|2 -OTROS DISPOSITIVOS|0|22691|22691
019-GUAYAQUIL - AEREO|05-ICE ADVALOREM|2024-01-02|01-LIQUIDACION DE LA DECLARACION DE IMPORTACION|C-PAGADO|001-NUMERO DE IMPORTACION|NO APLICA|NO APLICA|1 -VENTANILLA|0|0|0
055-QUITO|08-SALVAGUARDIA|2024-02-14|01-LIQUIDACION DE LA DECLARACION DE IMPORTACION|C-PAGADO|001-NUMERO DE IMPORTACION|NO APLICA|NO APLICA|2 -OTROS DISPOSITIVOS|0|0|0
055-QUITO|05-ICE ADVALOREM|2024-02-19|01-LIQUIDACION DE LA DECLARACION DE IMPORTACION|C-PAGADO|011-NUMERO DE IMPORTACION SIMPLIFICADA|NO APLICA|NO APLICA|1 -VENTANILLA|0|0|0
028-GUAYAQUIL - MARITIMO|02-ARANCEL ESPECIFICO|2024-01-17|01-LIQUIDACION DE LA DECLARACION DE IMPORTACION|C-PAGADO|001-NUMERO DE IMPORTACION|NO APLICA|NO APLICA|3 -INTERNET|0|33267.8|33267.8
136-GERENCIA GENERAL|018-Tasa de Inspeccion de Establecimiento Agente de Aduana|2024-01-25|06-LIQUIDACION MANUAL TASAS|C-PAGADO|018-Otro|NO APLICA|NO APLICA|3 -INTERNET|0|460|460
028-GUAYAQUIL - MARITIMO|06-ICE ESPECIFICO|2024-01-17|01-LIQUIDACION DE LA DECLARACION DE IMPORTACION|C-PAGADO|001-NUMERO DE IMPORTACION|NO APLICA|NO APLICA|1 -VENTANILLA|0|24480|24480
073-TULCAN|03-ANTIDUMPING|2024-01-03|01-LIQUIDACION DE LA DECLARACION DE IMPORTACION|C-PAGADO|001-NUMERO DE IMPORTACION|NO APLICA|NO APLICA|2 -OTROS DISPOSITIVOS|0|0|0
055-QUITO|01-ARANCEL ADVALOREM|2024-01-25|01-LIQUIDACION DE LA DECLARACION DE IMPORTACION|C-PAGADO|011-NUMERO DE IMPORTACION SIMPLIFICADA|NO APLICA|NO APLICA|3 -INTERNET|0|4762.37|4762.37
028-GUAYAQUIL - MARITIMO|02-ARANCEL ESPECIFICO|2024-02-15|01-LIQUIDACION DE LA DECLARACION DE IMPORTACION|C-PAGADO|001-NUMERO DE IMPORTACION|NO APLICA|NO APLICA|2 -OTROS DISPOSITIVOS|0|129455.96|129455.96
028-GUAYAQUIL - MARITIMO|05-ICE ADVALOREM|2024-02-16|01-LIQUIDACION DE LA DECLARACION DE IMPORTACION|C-PAGADO|001-NUMERO DE IMPORTACION|NO APLICA|NO APLICA|2 -OTROS DISPOSITIVOS|0|33723.96|33723.96
019-GUAYAQUIL - AEREO|05-ICE ADVALOREM|2024-01-16|02-LIQUIDACION ADICIONAL|C-PAGADO|011-NUMERO DE IMPORTACION SIMPLIFICADA|NO APLICA|NO APLICA|3 -INTERNET|0|0|0
055-QUITO|03-ANTIDUMPING|2024-01-27|10-LIQUIDACION DE DESPACHO DE EQUIPAJES DE MANO|C-PAGADO|017-Número de equipaje de viajeros|NO APLICA|NO APLICA|9 -TARJETA CREDITO|0|0|0
055-QUITO|04-FONDINFA|2024-01-27|10-LIQUIDACION DE DESPACHO DE EQUIPAJES DE MANO|C-PAGADO|017-Número de equipaje de viajeros|NO APLICA|NO APLICA|9 -TARJETA CREDITO|0|23.3|23.3
055-QUITO|04-FONDINFA|2024-02-06|01-LIQUIDACION DE LA DECLARACION DE IMPORTACION|C-PAGADO|011-NUMERO DE IMPORTACION SIMPLIFICADA|NO APLICA|NO APLICA|2 -OTROS DISPOSITIVOS|0|472.05|472.05
055-QUITO|01-ARANCEL ADVALOREM|2024-02-06|01-LIQUIDACION DE LA DECLARACION DE IMPORTACION|C-PAGADO|011-NUMERO DE IMPORTACION SIMPLIFICADA|NO APLICA|NO APLICA|2 -OTROS DISPOSITIVOS|0|3974.03|3974.03
028-GUAYAQUIL - MARITIMO|08-SALVAGUARDIA|2024-02-24|01-LIQUIDACION DE LA DECLARACION DE IMPORTACION|C-PAGADO|001-NUMERO DE IMPORTACION|NO APLICA|NO APLICA|3 -INTERNET|0|0|0
055-QUITO|03-ANTIDUMPING|2024-02-26|01-LIQUIDACION DE LA DECLARACION DE IMPORTACION|C-PAGADO|011-NUMERO DE IMPORTACION SIMPLIFICADA|NO APLICA|NO APLICA|2 -OTROS DISPOSITIVOS|0|0|0
019-GUAYAQUIL - AEREO|01-ARANCEL ADVALOREM|2024-01-24|02-LIQUIDACION ADICIONAL|C-PAGADO|011-NUMERO DE IMPORTACION SIMPLIFICADA|NO APLICA|NO APLICA|2 -OTROS DISPOSITIVOS|0|272.69|272.69
028-GUAYAQUIL - MARITIMO|06-ICE ESPECIFICO|2024-02-23|01-LIQUIDACION DE LA DECLARACION DE IMPORTACION|C-PAGADO|001-NUMERO DE IMPORTACION|NO APLICA|NO APLICA|3 -INTERNET|0|22137.23|22137.23
019-GUAYAQUIL - AEREO|08-SALVAGUARDIA|2024-02-29|01-LIQUIDACION DE LA DECLARACION DE IMPORTACION|C-PAGADO|001-NUMERO DE IMPORTACION|NO APLICA|NO APLICA|2 -OTROS DISPOSITIVOS|0|0|0
073-TULCAN|07-IVA|2024-02-07|02-LIQUIDACION ADICIONAL|C-PAGADO|001-NUMERO DE IMPORTACION|NO APLICA|NO APLICA|2 -OTROS DISPOSITIVOS|0|1.53|1.53
073-TULCAN|08-SALVAGUARDIA|2024-02-07|02-LIQUIDACION ADICIONAL|C-PAGADO|001-NUMERO DE IMPORTACION|NO APLICA|NO APLICA|2 -OTROS DISPOSITIVOS|0|0|0
028-GUAYAQUIL - MARITIMO|06-ICE ESPECIFICO|2024-02-15|01-LIQUIDACION DE LA DECLARACION DE IMPORTACION|C-PAGADO|001-NUMERO DE IMPORTACION|NO APLICA|NO APLICA|1 -VENTANILLA|0|38673.93|38673.93
055-QUITO|05-ICE ADVALOREM|2024-01-19|01-LIQUIDACION DE LA DECLARACION DE IMPORTACION|C-PAGADO|011-NUMERO DE IMPORTACION SIMPLIFICADA|NO APLICA|NO APLICA|2 -OTROS DISPOSITIVOS|0|0|0
055-QUITO|03-ANTIDUMPING|2024-01-04|01-LIQUIDACION DE LA DECLARACION DE IMPORTACION|C-PAGADO|001-NUMERO DE IMPORTACION|NO APLICA|NO APLICA|2 -OTROS DISPOSITIVOS|0|0|0
055-QUITO|04-FONDINFA|2024-01-09|01-LIQUIDACION DE LA DECLARACION DE IMPORTACION|C-PAGADO|001-NUMERO DE IMPORTACION|NO APLICA|NO APLICA|3 -INTERNET|0|15986.65|15986.65
019-GUAYAQUIL - AEREO|05-ICE ADVALOREM|2024-02-05|01-LIQUIDACION DE LA DECLARACION DE IMPORTACION|C-PAGADO|011-NUMERO DE IMPORTACION SIMPLIFICADA|NO APLICA|NO APLICA|1 -VENTANILLA|0|0|0
028-GUAYAQUIL - MARITIMO|09-SALVAGUARDIA ESPECIFICA|2024-02-19|01-LIQUIDACION DE LA DECLARACION DE IMPORTACION|C-PAGADO|001-NUMERO DE IMPORTACION|NO APLICA|NO APLICA|3 -INTERNET|0|0|0
055-QUITO|09-SALVAGUARDIA ESPECIFICA|2024-02-27|01-LIQUIDACION DE LA DECLARACION DE IMPORTACION|C-PAGADO|001-NUMERO DE IMPORTACION|NO APLICA|NO APLICA|3 -INTERNET|0|0|0
028-GUAYAQUIL - MARITIMO|07-IVA|2024-01-19|01-LIQUIDACION DE LA DECLARACION DE IMPORTACION|C-PAGADO|001-NUMERO DE IMPORTACION|NO APLICA|NO APLICA|3 -INTERNET|5646.12607637338|1656147.32392363|1661793.45
055-QUITO|02-ARANCEL ESPECIFICO|2024-01-31|01-LIQUIDACION DE LA DECLARACION DE IMPORTACION|C-PAGADO|011-NUMERO DE IMPORTACION SIMPLIFICADA|NO APLICA|NO APLICA|2 -OTROS DISPOSITIVOS|0|511.69|511.69
019-GUAYAQUIL - AEREO|03-ANTIDUMPING|2024-01-10|01-LIQUIDACION DE LA DECLARACION DE IMPORTACION|C-PAGADO|011-NUMERO DE IMPORTACION SIMPLIFICADA|NO APLICA|NO APLICA|1 -VENTANILLA|0|0|0
019-GUAYAQUIL - AEREO|03-ANTIDUMPING|2024-02-20|01-LIQUIDACION DE LA DECLARACION DE IMPORTACION|C-PAGADO|011-NUMERO DE IMPORTACION SIMPLIFICADA|NO APLICA|NO APLICA|2 -OTROS DISPOSITIVOS|0|0|0
019-GUAYAQUIL - AEREO|04-FONDINFA|2024-02-21|01-LIQUIDACION DE LA DECLARACION DE IMPORTACION|C-PAGADO|011-NUMERO DE IMPORTACION SIMPLIFICADA|NO APLICA|NO APLICA|1 -VENTANILLA|0|173.85|173.85
028-GUAYAQUIL - MARITIMO|04-FONDINFA|2024-02-29|01-LIQUIDACION DE LA DECLARACION DE IMPORTACION|C-PAGADO|001-NUMERO DE IMPORTACION|NO APLICA|NO APLICA|2 -OTROS DISPOSITIVOS|0|70007.17|70007.17
028-GUAYAQUIL - MARITIMO|06-ICE ESPECIFICO|2024-02-29|01-LIQUIDACION DE LA DECLARACION DE IMPORTACION|C-PAGADO|001-NUMERO DE IMPORTACION|NO APLICA|NO APLICA|2 -OTROS DISPOSITIVOS|0|0|0
028-GUAYAQUIL - MARITIMO|03-ANTIDUMPING|2024-01-29|02-LIQUIDACION ADICIONAL|C-PAGADO|001-NUMERO DE IMPORTACION|NO APLICA|NO APLICA|3 -INTERNET|0|0|0
028-GUAYAQUIL - MARITIMO|05-ICE ADVALOREM|2024-01-24|01-LIQUIDACION DE LA DECLARACION DE IMPORTACION|C-PAGADO|001-NUMERO DE IMPORTACION|NO APLICA|NO APLICA|9 -TARJETA CREDITO|0|0|0
028-GUAYAQUIL - MARITIMO|10-IMPUESTO REDIMIBLE A LAS BOTELLAS PL??STICAS NO RETORNABLES|2024-01-04|01-LIQUIDACION DE LA DECLARACION DE IMPORTACION|C-PAGADO|001-NUMERO DE IMPORTACION|NO APLICA|NO APLICA|3 -INTERNET|0|0|0
055-QUITO|04-FONDINFA|2024-02-27|01-LIQUIDACION DE LA DECLARACION DE IMPORTACION|C-PAGADO|011-NUMERO DE IMPORTACION SIMPLIFICADA|NO APLICA|NO APLICA|2 -OTROS DISPOSITIVOS|0|249.64|249.64
028-GUAYAQUIL - MARITIMO|07-IVA|2024-02-09|01-LIQUIDACION DE LA DECLARACION DE IMPORTACION|C-PAGADO|001-NUMERO DE IMPORTACION|NO APLICA|NO APLICA|2 -OTROS DISPOSITIVOS|0|1494779.71|1494779.71
028-GUAYAQUIL - MARITIMO|01-ARANCEL ADVALOREM|2024-02-09|01-LIQUIDACION DE LA DECLARACION DE IMPORTACION|C-PAGADO|001-NUMERO DE IMPORTACION|NO APLICA|NO APLICA|2 -OTROS DISPOSITIVOS|0|543596.29|543596.29
055-QUITO|04-FONDINFA|2024-01-05|02-LIQUIDACION ADICIONAL|C-PAGADO|001-NUMERO DE IMPORTACION|NO APLICA|NO APLICA|2 -OTROS DISPOSITIVOS|0|47.67|47.67